{
"ExtendSpeed":0.05000000074505806,
"Gravity":0.125,
"JumpForce":8.5,
"ShrinkSpeed":0.9850000143051147,
"XZForceRatio":1.0299999713897705
}